instrument,market,close_change_pct,reading
Victory Giant A 300476.SZ,CN,2.07,"Closed at daily high after a four-session surge"
Victory Giant H 02476.HK,HK,-0.39,"Opened at daily high then faded despite a positive Hang Seng session"
Wus Printed Circuit 002463.SZ,CN,-2.52,"PCB peer weak"
Shennan Circuits 002916.SZ,CN,-2.67,"PCB peer weak"
Kingboard Laminates 01888.HK,HK,-6.88,"Upstream CCL name weak"
ChiNext Index 399006,CN,-0.73,"Growth index soft"
CSI 300 000300,CN,0.16,"Broad A-share benchmark flat-positive"
Hang Seng Index HSI,HK,1.05,"Broad Hong Kong market positive"
Hang Seng Tech HSTECH,HK,1.26,"Hong Kong technology benchmark positive"
