date,event,layer,source_ref,research_effect
2025-12-17,70m H-share placing completed,capital,S6,dilution and overseas funding
2026-03-06,HollowBand launch,technology,S15,optionality
2026-04-29,Q1 report,fundamental,S4,margin inflection
2026-06-26,competitor capacity plan,supply,S14,duration risk
2026-07-14,H1 profit alert,fundamental,S5,profit confirmation
2026-07-30,YOFC Shanghai acquisition,corporate,S16,scope change
2026-08-11,Lumentum results after US close,peer,S17,overnight signal
2026-08-12,Coherent results after US close,peer,S18,overnight signal
TBA late Aug 2026,YOFC formal H1,company,S5,critical validation
