gate,result,reason
identity_and_source_integrity,pass_with_scope,证券、WVR、股本和主源已绑定；机器事实包仍需人工复核法定身份与股本规范化。
circle_of_competence,pass_with_scope,定点到现金的链条可解释；自动驾驶算法性能与安全尾部风险仍超出纯财务分析。
business_economics,mixed_positive,真实出货、ASP和许可增长成立，但产品毛利、应收、库存与亏损尚未证明经营杠杆。
durable_moat,provisional,量产工程和生态形成粘性，但下一代车型RFQ会重新开放竞争。
management_and_capital_allocation,mixed,管理层推进量产，同时配售、可转债、奖励和关联结构显著改变每股经济。
owner_earnings,fail,2023–2025两套现金OE代理均为负；不能用非现金公允价值利润替代。
survival_and_balance_sheet,mixed,现金储备提供验证时间，但CARIAD现金支付与新CB不能从净现金叙事中遗漏；负现金OE使其不能被表述成通过。
intrinsic_value_and_margin_of_safety,blocked,正的可持续owner earnings分母尚不存在；只能做P/S校准与反向预期。
decision_and_disconfirming_evidence,inconclusive,研究证据足以进入重点观察与条件晋级，但owner earnings与安全边际两道硬门禁未通过，当前不可形成价值投资决策。
